--
-- PostgreSQL database dump
--

\restrict 8GdP6bnkOx7dEQgHYrX1ksI61MZB3jDkIQLTx16jtN85ARKAsplydyi1Caadl7H

-- Dumped from database version 17.6
-- Dumped by pg_dump version 17.6

-- Started on 2025-12-05 18:55:48

SET statement_timeout = 0;
SET lock_timeout = 0;
SET idle_in_transaction_session_timeout = 0;
SET transaction_timeout = 0;
SET client_encoding = 'UTF8';
SET standard_conforming_strings = on;
SELECT pg_catalog.set_config('search_path', '', false);
SET check_function_bodies = false;
SET xmloption = content;
SET client_min_messages = warning;
SET row_security = off;

SET default_tablespace = '';

SET default_table_access_method = heap;

--
-- TOC entry 228 (class 1259 OID 24733)
-- Name: attendance; Type: TABLE; Schema: public; Owner: Hp
--

CREATE TABLE public.attendance (
    id uuid NOT NULL,
    attendance_date date NOT NULL,
    created_at timestamp(6) without time zone,
    quarter character varying(255) NOT NULL,
    status character varying(255) NOT NULL,
    updated_at timestamp(6) without time zone,
    section_id uuid NOT NULL,
    student_id uuid NOT NULL,
    CONSTRAINT attendance_quarter_check CHECK (((quarter)::text = ANY ((ARRAY['Q1'::character varying, 'Q2'::character varying, 'Q3'::character varying, 'Q4'::character varying])::text[])))
);


ALTER TABLE public.attendance OWNER TO "Hp";

--
-- TOC entry 233 (class 1259 OID 32926)
-- Name: backup_points; Type: TABLE; Schema: public; Owner: Hp
--

CREATE TABLE public.backup_points (
    id bigint NOT NULL,
    date timestamp(6) without time zone NOT NULL,
    file_path character varying(500),
    size bigint NOT NULL,
    status character varying(255) NOT NULL,
    restored_at timestamp(6) without time zone,
    CONSTRAINT backup_points_status_check CHECK (((status)::text = ANY ((ARRAY['COMPLETED'::character varying, 'IN_PROGRESS'::character varying, 'FAILED'::character varying])::text[])))
);


ALTER TABLE public.backup_points OWNER TO "Hp";

--
-- TOC entry 232 (class 1259 OID 32925)
-- Name: backup_points_id_seq; Type: SEQUENCE; Schema: public; Owner: Hp
--

ALTER TABLE public.backup_points ALTER COLUMN id ADD GENERATED BY DEFAULT AS IDENTITY (
    SEQUENCE NAME public.backup_points_id_seq
    START WITH 1
    INCREMENT BY 1
    NO MINVALUE
    NO MAXVALUE
    CACHE 1
);


--
-- TOC entry 223 (class 1259 OID 16460)
-- Name: class_enrollments; Type: TABLE; Schema: public; Owner: Hp
--

CREATE TABLE public.class_enrollments (
    id uuid DEFAULT gen_random_uuid() NOT NULL,
    student_id uuid NOT NULL,
    section_id uuid NOT NULL,
    enrolled_at timestamp with time zone DEFAULT now(),
    school_year character varying(255),
    quarter character varying(255),
    is_active boolean DEFAULT true NOT NULL,
    CONSTRAINT class_enrollments_quarter_check CHECK (((quarter)::text = ANY ((ARRAY['Q1'::character varying, 'Q2'::character varying, 'Q3'::character varying, 'Q4'::character varying])::text[])))
);


ALTER TABLE public.class_enrollments OWNER TO "Hp";

--
-- TOC entry 229 (class 1259 OID 24741)
-- Name: feedback; Type: TABLE; Schema: public; Owner: Hp
--

CREATE TABLE public.feedback (
    id uuid NOT NULL,
    created_at timestamp(6) without time zone,
    feedback text NOT NULL,
    quarter character varying(255) NOT NULL,
    updated_at timestamp(6) without time zone,
    section_id uuid NOT NULL,
    student_id uuid NOT NULL,
    response_reviewed boolean NOT NULL,
    student_response text,
    CONSTRAINT feedback_quarter_check CHECK (((quarter)::text = ANY ((ARRAY['Q1'::character varying, 'Q2'::character varying, 'Q3'::character varying, 'Q4'::character varying])::text[])))
);


ALTER TABLE public.feedback OWNER TO "Hp";

--
-- TOC entry 217 (class 1259 OID 16391)
-- Name: flyway_schema_history; Type: TABLE; Schema: public; Owner: Hp
--

CREATE TABLE public.flyway_schema_history (
    installed_rank integer NOT NULL,
    version character varying(50),
    description character varying(200) NOT NULL,
    type character varying(20) NOT NULL,
    script character varying(1000) NOT NULL,
    checksum integer,
    installed_by character varying(100) NOT NULL,
    installed_on timestamp without time zone DEFAULT now() NOT NULL,
    execution_time integer NOT NULL,
    success boolean NOT NULL
);


ALTER TABLE public.flyway_schema_history OWNER TO "Hp";

--
-- TOC entry 225 (class 1259 OID 16503)
-- Name: grades; Type: TABLE; Schema: public; Owner: Hp
--

CREATE TABLE public.grades (
    id uuid DEFAULT gen_random_uuid() NOT NULL,
    student_id uuid NOT NULL,
    subject_id uuid NOT NULL,
    teacher_id uuid NOT NULL,
    grade double precision NOT NULL,
    remarks text,
    period text,
    feed_back text,
    graded_at timestamp with time zone DEFAULT now(),
    created_at timestamp(6) without time zone,
    quarter character varying(255) NOT NULL,
    status character varying(255) NOT NULL,
    updated_at timestamp(6) without time zone,
    section_id uuid NOT NULL,
    grade_type character varying(255) NOT NULL,
    score double precision NOT NULL,
    total_score double precision,
    CONSTRAINT grades_grade_check CHECK (((grade >= ((0)::numeric)::double precision) AND (grade <= ((100)::numeric)::double precision))),
    CONSTRAINT grades_grade_type_check CHECK (((grade_type)::text = ANY ((ARRAY['QUIZ'::character varying, 'ASSIGNMENT'::character varying, 'PROJECT'::character varying, 'EXAM'::character varying, 'FINAL'::character varying])::text[]))),
    CONSTRAINT grades_quarter_check CHECK (((quarter)::text = ANY ((ARRAY['Q1'::character varying, 'Q2'::character varying, 'Q3'::character varying, 'Q4'::character varying])::text[])))
);


ALTER TABLE public.grades OWNER TO "Hp";

--
-- TOC entry 218 (class 1259 OID 16400)
-- Name: membership_seq; Type: SEQUENCE; Schema: public; Owner: Hp
--

CREATE SEQUENCE public.membership_seq
    START WITH 1
    INCREMENT BY 1
    NO MINVALUE
    NO MAXVALUE
    CACHE 1;


ALTER SEQUENCE public.membership_seq OWNER TO "Hp";

--
-- TOC entry 235 (class 1259 OID 32935)
-- Name: notification_templates; Type: TABLE; Schema: public; Owner: Hp
--

CREATE TABLE public.notification_templates (
    id bigint NOT NULL,
    category character varying(50) NOT NULL,
    content character varying(2000) NOT NULL,
    created_at timestamp(6) without time zone NOT NULL,
    name character varying(100) NOT NULL,
    type character varying(255) NOT NULL,
    updated_at timestamp(6) without time zone NOT NULL,
    CONSTRAINT notification_templates_type_check CHECK (((type)::text = ANY ((ARRAY['SMS'::character varying, 'EMAIL'::character varying])::text[])))
);


ALTER TABLE public.notification_templates OWNER TO "Hp";

--
-- TOC entry 234 (class 1259 OID 32934)
-- Name: notification_templates_id_seq; Type: SEQUENCE; Schema: public; Owner: Hp
--

ALTER TABLE public.notification_templates ALTER COLUMN id ADD GENERATED BY DEFAULT AS IDENTITY (
    SEQUENCE NAME public.notification_templates_id_seq
    START WITH 1
    INCREMENT BY 1
    NO MINVALUE
    NO MAXVALUE
    CACHE 1
);


--
-- TOC entry 220 (class 1259 OID 16415)
-- Name: profiles; Type: TABLE; Schema: public; Owner: Hp
--

CREATE TABLE public.profiles (
    id uuid DEFAULT gen_random_uuid() NOT NULL,
    user_id uuid,
    first_name character varying(255) NOT NULL,
    middle_name character varying(255),
    last_name character varying(255) NOT NULL,
    gender character varying(255),
    birth_date date,
    contact_number character varying(255),
    address character varying(255),
    created_at timestamp with time zone DEFAULT now(),
    updated_at timestamp with time zone,
    grade_level character varying(255),
    parent_contact character varying(255),
    parent_name character varying(255),
    is_adviser boolean DEFAULT false NOT NULL,
    lrn character varying(255)
);


ALTER TABLE public.profiles OWNER TO "Hp";

--
-- TOC entry 230 (class 1259 OID 24758)
-- Name: quarter_packages; Type: TABLE; Schema: public; Owner: Hp
--

CREATE TABLE public.quarter_packages (
    id uuid NOT NULL,
    created_at timestamp(6) without time zone,
    quarter character varying(255) NOT NULL,
    status character varying(255) NOT NULL,
    submitted_at timestamp(6) without time zone,
    updated_at timestamp(6) without time zone,
    adviser_id uuid NOT NULL,
    section_id uuid NOT NULL,
    remarks character varying(1000),
    CONSTRAINT quarter_packages_quarter_check CHECK (((quarter)::text = ANY ((ARRAY['Q1'::character varying, 'Q2'::character varying, 'Q3'::character varying, 'Q4'::character varying])::text[]))),
    CONSTRAINT quarter_packages_status_check CHECK (((status)::text = ANY ((ARRAY['PENDING'::character varying, 'APPROVED'::character varying, 'RETURNED'::character varying, 'PUBLISHED'::character varying])::text[])))
);


ALTER TABLE public.quarter_packages OWNER TO "Hp";

--
-- TOC entry 231 (class 1259 OID 24767)
-- Name: record_approvals; Type: TABLE; Schema: public; Owner: Hp
--

CREATE TABLE public.record_approvals (
    id uuid NOT NULL,
    action character varying(255) NOT NULL,
    created_at timestamp(6) without time zone,
    remarks text,
    approver_id uuid NOT NULL,
    package_id uuid NOT NULL,
    CONSTRAINT record_approvals_action_check CHECK (((action)::text = ANY ((ARRAY['APPROVE'::character varying, 'RETURN'::character varying])::text[])))
);


ALTER TABLE public.record_approvals OWNER TO "Hp";

--
-- TOC entry 224 (class 1259 OID 16481)
-- Name: schedule; Type: TABLE; Schema: public; Owner: Hp
--

CREATE TABLE public.schedule (
    id uuid DEFAULT gen_random_uuid() NOT NULL,
    teacher_id uuid NOT NULL,
    subject_id uuid NOT NULL,
    section_id uuid NOT NULL,
    start_time timestamp with time zone NOT NULL,
    end_time timestamp with time zone NOT NULL,
    created_at timestamp with time zone DEFAULT now(),
    updated_at timestamp with time zone,
    days character varying(255) DEFAULT ''::character varying NOT NULL,
    school_year_quarter_id bigint NOT NULL
);


ALTER TABLE public.schedule OWNER TO "Hp";

--
-- TOC entry 237 (class 1259 OID 32944)
-- Name: school_profile; Type: TABLE; Schema: public; Owner: Hp
--

CREATE TABLE public.school_profile (
    id bigint NOT NULL,
    address character varying(255),
    contact_info character varying(255),
    logo_url character varying(255),
    name character varying(255) NOT NULL,
    updated_at timestamp(6) without time zone DEFAULT CURRENT_TIMESTAMP NOT NULL,
    email character varying(255),
    office_hours character varying(255)
);


ALTER TABLE public.school_profile OWNER TO "Hp";

--
-- TOC entry 236 (class 1259 OID 32943)
-- Name: school_profile_id_seq; Type: SEQUENCE; Schema: public; Owner: Hp
--

ALTER TABLE public.school_profile ALTER COLUMN id ADD GENERATED BY DEFAULT AS IDENTITY (
    SEQUENCE NAME public.school_profile_id_seq
    START WITH 1
    INCREMENT BY 1
    NO MINVALUE
    NO MAXVALUE
    CACHE 1
);


--
-- TOC entry 245 (class 1259 OID 33011)
-- Name: school_year_quarters; Type: TABLE; Schema: public; Owner: Hp
--

CREATE TABLE public.school_year_quarters (
    id bigint NOT NULL,
    created_at timestamp(6) without time zone NOT NULL,
    end_date date NOT NULL,
    quarter character varying(255) NOT NULL,
    start_date date NOT NULL,
    status character varying(255) NOT NULL,
    updated_at timestamp(6) without time zone,
    school_year_id bigint NOT NULL,
    CONSTRAINT school_year_quarters_quarter_check CHECK (((quarter)::text = ANY ((ARRAY['Q1'::character varying, 'Q2'::character varying, 'Q3'::character varying, 'Q4'::character varying])::text[]))),
    CONSTRAINT school_year_quarters_status_check CHECK (((status)::text = ANY ((ARRAY['UPCOMING'::character varying, 'ACTIVE'::character varying, 'CLOSED'::character varying])::text[])))
);


ALTER TABLE public.school_year_quarters OWNER TO "Hp";

--
-- TOC entry 244 (class 1259 OID 33010)
-- Name: school_year_quarters_id_seq; Type: SEQUENCE; Schema: public; Owner: Hp
--

ALTER TABLE public.school_year_quarters ALTER COLUMN id ADD GENERATED BY DEFAULT AS IDENTITY (
    SEQUENCE NAME public.school_year_quarters_id_seq
    START WITH 1
    INCREMENT BY 1
    NO MINVALUE
    NO MAXVALUE
    CACHE 1
);


--
-- TOC entry 239 (class 1259 OID 32952)
-- Name: school_years; Type: TABLE; Schema: public; Owner: Hp
--

CREATE TABLE public.school_years (
    id bigint NOT NULL,
    archived_at timestamp(6) without time zone,
    created_at timestamp(6) without time zone NOT NULL,
    end_date date NOT NULL,
    is_active boolean NOT NULL,
    is_archived boolean NOT NULL,
    start_date date NOT NULL,
    term_type character varying(255) NOT NULL,
    year_range character varying(255) NOT NULL,
    CONSTRAINT school_years_term_type_check CHECK (((term_type)::text = ANY ((ARRAY['QUARTER'::character varying, 'SEMESTER'::character varying])::text[])))
);


ALTER TABLE public.school_years OWNER TO "Hp";

--
-- TOC entry 238 (class 1259 OID 32951)
-- Name: school_years_id_seq; Type: SEQUENCE; Schema: public; Owner: Hp
--

ALTER TABLE public.school_years ALTER COLUMN id ADD GENERATED BY DEFAULT AS IDENTITY (
    SEQUENCE NAME public.school_years_id_seq
    START WITH 1
    INCREMENT BY 1
    NO MINVALUE
    NO MAXVALUE
    CACHE 1
);


--
-- TOC entry 221 (class 1259 OID 16431)
-- Name: sections; Type: TABLE; Schema: public; Owner: Hp
--

CREATE TABLE public.sections (
    id uuid DEFAULT gen_random_uuid() NOT NULL,
    name character varying(255) NOT NULL,
    grade_level character varying(255) NOT NULL,
    adviser_id uuid,
    created_at timestamp with time zone DEFAULT now(),
    updated_at timestamp with time zone,
    version bigint,
    adviser_name character varying(255),
    capacity integer
);


ALTER TABLE public.sections OWNER TO "Hp";

--
-- TOC entry 241 (class 1259 OID 32959)
-- Name: security_settings; Type: TABLE; Schema: public; Owner: Hp
--

CREATE TABLE public.security_settings (
    id bigint NOT NULL,
    password_expiration_days integer NOT NULL,
    password_min_length integer NOT NULL,
    require_numbers boolean NOT NULL,
    require_special_chars boolean NOT NULL,
    two_factor_enabled boolean NOT NULL,
    two_factor_required_for_admins boolean NOT NULL,
    updated_at timestamp(6) without time zone NOT NULL,
    CONSTRAINT check_password_expiration_days CHECK (((password_expiration_days >= 0) AND (password_expiration_days <= 365))),
    CONSTRAINT check_password_min_length CHECK (((password_min_length >= 8) AND (password_min_length <= 128)))
);


ALTER TABLE public.security_settings OWNER TO "Hp";

--
-- TOC entry 240 (class 1259 OID 32958)
-- Name: security_settings_id_seq; Type: SEQUENCE; Schema: public; Owner: Hp
--

ALTER TABLE public.security_settings ALTER COLUMN id ADD GENERATED BY DEFAULT AS IDENTITY (
    SEQUENCE NAME public.security_settings_id_seq
    START WITH 1
    INCREMENT BY 1
    NO MINVALUE
    NO MAXVALUE
    CACHE 1
);


--
-- TOC entry 222 (class 1259 OID 16447)
-- Name: subjects; Type: TABLE; Schema: public; Owner: Hp
--

CREATE TABLE public.subjects (
    id uuid DEFAULT gen_random_uuid() NOT NULL,
    subject_code character varying(255) NOT NULL,
    name character varying(255) NOT NULL,
    created_at timestamp with time zone DEFAULT now(),
    updated_at timestamp with time zone
);


ALTER TABLE public.subjects OWNER TO "Hp";

--
-- TOC entry 242 (class 1259 OID 32964)
-- Name: template_variables; Type: TABLE; Schema: public; Owner: Hp
--

CREATE TABLE public.template_variables (
    notification_template_id bigint NOT NULL,
    variables character varying(255)
);


ALTER TABLE public.template_variables OWNER TO "Hp";

--
-- TOC entry 243 (class 1259 OID 32967)
-- Name: theme_colors; Type: TABLE; Schema: public; Owner: Hp
--

CREATE TABLE public.theme_colors (
    school_profile_id bigint NOT NULL,
    theme_colors character varying(255),
    theme_colors_key character varying(255) NOT NULL,
    school_profile_entity_id bigint NOT NULL
);


ALTER TABLE public.theme_colors OWNER TO "Hp";

--
-- TOC entry 227 (class 1259 OID 16531)
-- Name: token; Type: TABLE; Schema: public; Owner: Hp
--

CREATE TABLE public.token (
    id integer NOT NULL,
    user_id uuid,
    hashed_access_token text NOT NULL,
    hashed_refresh_token text NOT NULL,
    created_at timestamp with time zone DEFAULT now(),
    role character varying(255)
);


ALTER TABLE public.token OWNER TO "Hp";

--
-- TOC entry 226 (class 1259 OID 16530)
-- Name: token_id_seq; Type: SEQUENCE; Schema: public; Owner: Hp
--

CREATE SEQUENCE public.token_id_seq
    AS integer
    START WITH 1
    INCREMENT BY 1
    NO MINVALUE
    NO MAXVALUE
    CACHE 1;


ALTER SEQUENCE public.token_id_seq OWNER TO "Hp";

--
-- TOC entry 5079 (class 0 OID 0)
-- Dependencies: 226
-- Name: token_id_seq; Type: SEQUENCE OWNED BY; Schema: public; Owner: Hp
--

ALTER SEQUENCE public.token_id_seq OWNED BY public.token.id;


--
-- TOC entry 219 (class 1259 OID 16401)
-- Name: users; Type: TABLE; Schema: public; Owner: Hp
--

CREATE TABLE public.users (
    id uuid DEFAULT gen_random_uuid() NOT NULL,
    email character varying(255) NOT NULL,
    password character varying(255) NOT NULL,
    membership_code character varying(255) DEFAULT ('ASM-'::text || lpad((nextval('public.membership_seq'::regclass))::text, 4, '0'::text)),
    role character varying(255),
    created_at timestamp with time zone DEFAULT now(),
    updated_at timestamp with time zone,
    status character varying(255) DEFAULT 'ACTIVE'::text,
    student_id uuid,
    address character varying(255),
    birth_date date,
    contact_number character varying(255),
    first_name character varying(255),
    gender character varying(255),
    last_name character varying(255),
    middle_name character varying(255),
    parent_contact character varying(255),
    parent_name character varying(255),
    CONSTRAINT users_gender_check CHECK (((gender)::text = ANY ((ARRAY['MALE'::character varying, 'FEMALE'::character varying])::text[])))
);


ALTER TABLE public.users OWNER TO "Hp";

--
-- TOC entry 4750 (class 2604 OID 16534)
-- Name: token id; Type: DEFAULT; Schema: public; Owner: Hp
--

ALTER TABLE ONLY public.token ALTER COLUMN id SET DEFAULT nextval('public.token_id_seq'::regclass);


--
-- TOC entry 5035 (class 0 OID 24733)
-- Dependencies: 228
-- Data for Name: attendance; Type: TABLE DATA; Schema: public; Owner: Hp
--

COPY public.attendance (id, attendance_date, created_at, quarter, status, updated_at, section_id, student_id) FROM stdin;
32b5ef3c-8512-4c3d-990a-f226a237b2a7	2025-12-02	2025-12-02 13:11:07.091442	Q1	PRESENT	2025-12-02 13:11:07.091442	c096edd9-cf0f-41dc-b09c-09de1b7566e4	7dd411b3-278c-4893-9a75-f063da8b2b30
\.


--
-- TOC entry 5040 (class 0 OID 32926)
-- Dependencies: 233
-- Data for Name: backup_points; Type: TABLE DATA; Schema: public; Owner: Hp
--

COPY public.backup_points (id, date, file_path, size, status, restored_at) FROM stdin;
\.


--
-- TOC entry 5030 (class 0 OID 16460)
-- Dependencies: 223
-- Data for Name: class_enrollments; Type: TABLE DATA; Schema: public; Owner: Hp
--

COPY public.class_enrollments (id, student_id, section_id, enrolled_at, school_year, quarter, is_active) FROM stdin;
718c4bd7-fe18-4c32-9baf-c500ec0b4b1a	299177a3-e675-44d2-8bfd-6ca55dea0b17	c096edd9-cf0f-41dc-b09c-09de1b7566e4	2025-10-21 12:07:47.357321+08	2025-2026	Q1	t
1a2d8709-392b-4b36-ba0e-b3f94341ba1f	1a38c74e-23fb-4e32-95b8-daf24ec0653b	ee6e8be9-2e5c-42dd-920c-b9fefec68c53	2025-12-05 18:29:14.829434+08	2024-2025	Q1	t
\.


--
-- TOC entry 5036 (class 0 OID 24741)
-- Dependencies: 229
-- Data for Name: feedback; Type: TABLE DATA; Schema: public; Owner: Hp
--

COPY public.feedback (id, created_at, feedback, quarter, updated_at, section_id, student_id, response_reviewed, student_response) FROM stdin;
\.


--
-- TOC entry 5024 (class 0 OID 16391)
-- Dependencies: 217
-- Data for Name: flyway_schema_history; Type: TABLE DATA; Schema: public; Owner: Hp
--

COPY public.flyway_schema_history (installed_rank, version, description, type, script, checksum, installed_by, installed_on, execution_time, success) FROM stdin;
1	1	initial schema	SQL	V1__initial_schema.sql	1972402310	Hp	2025-09-21 09:30:32.017948	141	t
2	2	create token schema	SQL	V2__create_token_schema.sql	528303282	Hp	2025-09-21 09:30:32.227009	21	t
3	3	alter user table add status column	SQL	V3__alter_user_table_add_status_column.sql	-399793405	Hp	2025-09-21 09:30:32.27158	5	t
4	4	add grade level to profiles	SQL	V4__add_grade_level_to_profiles.sql	\N	Hp	2025-10-14 21:01:24.069978	9	t
5	5	fix adviser foreign key constraint	SQL	V5__fix_adviser_foreign_key_constraint.sql	1302313545	Hp	2025-10-16 20:23:59.737527	90	t
6	6	allow null user in profiles	SQL	V6__allow_null_user_in_profiles.sql	1348145585	Hp	2025-10-16 21:33:48.653816	30	t
7	7	add days to schedule	SQL	V7__add_days_to_schedule.sql	-741518644	Hp	2025-10-18 07:10:07.801917	68	t
8	8	create quarter packages table	SQL	V8__create_quarter_packages_table.sql	-297119559	Hp	2025-10-18 15:34:41.967619	74	t
9	9	update admin email	SQL	V9__update_admin_email.sql	-1615764185	Hp	2025-10-27 21:37:55.580478	29	t
10	10	update admin email fix	SQL	V10__update_admin_email_fix.sql	-398855212	Hp	2025-10-28 15:28:25.621774	24	t
11	11	create school years table	SQL	V11__create_school_years_table.sql	-50655880	Hp	2025-10-31 20:58:40.259019	582	t
12	12	create school year quarters table	SQL	V12__create_school_year_quarters_table.sql	1686944094	Hp	2025-10-31 20:58:41.108684	22	t
13	13	create school profile table	SQL	V13__create_school_profile_table.sql	-1434796977	Hp	2025-11-02 09:17:47.963517	67	t
14	14	create security settings table	SQL	V14__create_security_settings_table.sql	-1839179003	Hp	2025-11-02 09:29:19.76939	32	t
15	15	create notification templates table	SQL	V15__create_notification_templates_table.sql	369594291	Hp	2025-11-02 09:29:19.860851	33	t
16	16	create backup points table	SQL	V16__create_backup_points_table.sql	-1310339259	Hp	2025-11-02 09:29:19.919515	13	t
17	17	fix security settings migration	SQL	V17__fix_security_settings_migration.sql	-338671409	Hp	2025-11-02 12:29:30.451145	91	t
18	18	enhance school year constraints	SQL	V18__enhance_school_year_constraints.sql	-1800300453	Hp	2025-11-02 15:06:21.824873	63	t
19	19	add custom months to school year quarters	SQL	V19__add_custom_months_to_school_year_quarters.sql	1223801495	Hp	2025-11-13 18:57:18.646775	112	t
\.


--
-- TOC entry 5032 (class 0 OID 16503)
-- Dependencies: 225
-- Data for Name: grades; Type: TABLE DATA; Schema: public; Owner: Hp
--

COPY public.grades (id, student_id, subject_id, teacher_id, grade, remarks, period, feed_back, graded_at, created_at, quarter, status, updated_at, section_id, grade_type, score, total_score) FROM stdin;
\.


--
-- TOC entry 5042 (class 0 OID 32935)
-- Dependencies: 235
-- Data for Name: notification_templates; Type: TABLE DATA; Schema: public; Owner: Hp
--

COPY public.notification_templates (id, category, content, created_at, name, type, updated_at) FROM stdin;
\.


--
-- TOC entry 5027 (class 0 OID 16415)
-- Dependencies: 220
-- Data for Name: profiles; Type: TABLE DATA; Schema: public; Owner: Hp
--

COPY public.profiles (id, user_id, first_name, middle_name, last_name, gender, birth_date, contact_number, address, created_at, updated_at, grade_level, parent_contact, parent_name, is_adviser, lrn) FROM stdin;
46d278a7-047d-4df6-ae7b-3678054b3a55	f7509fed-37ac-498c-a9c1-81844fe2b7ce	Daphne	Vente	Mondejar	FEMALE	2001-09-11	09925254153	Maya, Daanbantayan , Cebu 	2025-09-21 12:13:23.276327+08	2025-10-24 10:58:18.25304+08	\N	\N	\N	f	\N
7dd411b3-278c-4893-9a75-f063da8b2b30	299177a3-e675-44d2-8bfd-6ca55dea0b17	John	Del	Dela Rama 	MALE	2008-11-27	09558511431	Agujo, Daanbantayan , Cebu 	2025-10-19 17:09:44.26692+08	2025-10-24 22:07:54.035745+08	\N	09767687987	Mark Dela Rama	f	\N
34bb2b99-a2c3-4956-8b7d-cabc59af7893	1b1243bd-dc62-40f8-b314-8d18915b739f	Clarence 	Sim	Simoran	MALE	1995-06-06	09976795775	Agujo, Daanbantayan , Cebu 	2025-10-19 11:16:50.060951+08	2025-10-24 22:16:51.737926+08	\N	\N	\N	f	\N
928dd072-09b0-4c6b-b58f-f9d4b48e4d13	6a7f8a5c-f371-4d23-86d4-5a7d10289331	Dember	Pep	Pepito	MALE	2003-07-09	09988998989	Maya, Daanbantayan , Cebu 	2025-10-16 23:20:50.651469+08	2025-10-24 22:18:37.875238+08	\N	\N	\N	f	\N
f92163d4-fdc4-400f-89f0-819f9b74579c	711ac310-4432-4aec-b9de-3d7f317bc078	Mavene	Falala	Dinoy	FEMALE	2003-02-20	09821378736	Poblacion, Daanbantayan , Cebu	2025-11-17 09:22:39.544165+08	2025-11-17 09:22:39.544165+08	\N	\N	\N	f	\N
\.


--
-- TOC entry 5037 (class 0 OID 24758)
-- Dependencies: 230
-- Data for Name: quarter_packages; Type: TABLE DATA; Schema: public; Owner: Hp
--

COPY public.quarter_packages (id, created_at, quarter, status, submitted_at, updated_at, adviser_id, section_id, remarks) FROM stdin;
\.


--
-- TOC entry 5038 (class 0 OID 24767)
-- Dependencies: 231
-- Data for Name: record_approvals; Type: TABLE DATA; Schema: public; Owner: Hp
--

COPY public.record_approvals (id, action, created_at, remarks, approver_id, package_id) FROM stdin;
\.


--
-- TOC entry 5031 (class 0 OID 16481)
-- Dependencies: 224
-- Data for Name: schedule; Type: TABLE DATA; Schema: public; Owner: Hp
--

COPY public.schedule (id, teacher_id, subject_id, section_id, start_time, end_time, created_at, updated_at, days, school_year_quarter_id) FROM stdin;
18696746-e886-4687-bd44-46251240cbbf	928dd072-09b0-4c6b-b58f-f9d4b48e4d13	4f56b011-a900-4151-b745-319c457f9b48	c096edd9-cf0f-41dc-b09c-09de1b7566e4	2025-10-19 14:00:00+08	2025-10-19 15:00:00+08	2025-10-18 06:43:56.320338+08	2025-10-19 11:27:03.715392+08	MW	1
fdbbb7b5-2c64-4277-821c-6d78c9de765e	f92163d4-fdc4-400f-89f0-819f9b74579c	2064e5ee-fed6-4aaf-b27d-e035d02046cc	ee6e8be9-2e5c-42dd-920c-b9fefec68c53	2025-11-20 09:00:00+08	2025-11-20 10:00:00+08	2025-11-20 08:35:52.191274+08	2025-11-20 08:35:52.191274+08	TF	1
c1c599b3-58af-4b5a-bfb4-7c1fa9bb0587	34bb2b99-a2c3-4956-8b7d-cabc59af7893	8c20c8ba-416f-4957-96d0-1bffd0a2fbcb	c096edd9-cf0f-41dc-b09c-09de1b7566e4	2025-11-23 14:00:00+08	2025-11-23 15:00:00+08	2025-10-19 13:14:21.337559+08	2025-11-23 20:39:10.374303+08	TH	1
\.


--
-- TOC entry 5044 (class 0 OID 32944)
-- Dependencies: 237
-- Data for Name: school_profile; Type: TABLE DATA; Schema: public; Owner: Hp
--

COPY public.school_profile (id, address, contact_info, logo_url, name, updated_at, email, office_hours) FROM stdin;
1	Daanbantayan, Cebu	info@adsm.com	\N	Academia de San Martin	2025-10-26 08:48:57.832836	\N	\N
3	Daanbantayan, Cebu	info@adsm.com		Academia de San Martin	2025-12-03 15:51:14.83526		
\.


--
-- TOC entry 5052 (class 0 OID 33011)
-- Dependencies: 245
-- Data for Name: school_year_quarters; Type: TABLE DATA; Schema: public; Owner: Hp
--

COPY public.school_year_quarters (id, created_at, end_date, quarter, start_date, status, updated_at, school_year_id) FROM stdin;
1	2025-11-17 08:04:36.291	2025-08-11	Q1	2025-06-09	ACTIVE	2025-11-24 22:16:12.015224	1
\.


--
-- TOC entry 5046 (class 0 OID 32952)
-- Dependencies: 239
-- Data for Name: school_years; Type: TABLE DATA; Schema: public; Owner: Hp
--

COPY public.school_years (id, archived_at, created_at, end_date, is_active, is_archived, start_date, term_type, year_range) FROM stdin;
1	\N	2025-10-30 23:40:50.995717	2026-03-30	t	f	2025-06-09	QUARTER	2025-2026
\.


--
-- TOC entry 5028 (class 0 OID 16431)
-- Dependencies: 221
-- Data for Name: sections; Type: TABLE DATA; Schema: public; Owner: Hp
--

COPY public.sections (id, name, grade_level, adviser_id, created_at, updated_at, version, adviser_name, capacity) FROM stdin;
780d704d-5b7c-4ffa-9a03-17f235f15b3d	Pisces	8	\N	2025-09-22 23:36:15.961992+08	2025-09-22 23:36:15.961992+08	\N	\N	\N
ee6e8be9-2e5c-42dd-920c-b9fefec68c53	Virgo	9	\N	2025-09-23 21:42:32.61193+08	2025-09-23 21:43:52.067163+08	\N	\N	\N
c096edd9-cf0f-41dc-b09c-09de1b7566e4	Aries	7	928dd072-09b0-4c6b-b58f-f9d4b48e4d13	2025-09-21 18:49:09.535227+08	2025-10-18 06:28:46.488838+08	\N	\N	\N
de2c15fe-0fb8-4f16-ac75-e897e2ce452a	Gemini	10	34bb2b99-a2c3-4956-8b7d-cabc59af7893	2025-10-24 14:54:10.512382+08	2025-10-24 14:54:10.512382+08	0	\N	\N
\.


--
-- TOC entry 5048 (class 0 OID 32959)
-- Dependencies: 241
-- Data for Name: security_settings; Type: TABLE DATA; Schema: public; Owner: Hp
--

COPY public.security_settings (id, password_expiration_days, password_min_length, require_numbers, require_special_chars, two_factor_enabled, two_factor_required_for_admins, updated_at) FROM stdin;
3	90	8	t	t	f	t	2025-11-02 09:29:19.816362
\.


--
-- TOC entry 5029 (class 0 OID 16447)
-- Dependencies: 222
-- Data for Name: subjects; Type: TABLE DATA; Schema: public; Owner: Hp
--

COPY public.subjects (id, subject_code, name, created_at, updated_at) FROM stdin;
8c20c8ba-416f-4957-96d0-1bffd0a2fbcb	MATH07	Mathematics 	2025-09-21 14:27:28.630525+08	2025-09-21 14:27:28.630525+08
4f56b011-a900-4151-b745-319c457f9b48	FIL07	Filipino	2025-09-21 14:28:14.830978+08	2025-09-21 14:28:14.830978+08
2064e5ee-fed6-4aaf-b27d-e035d02046cc	SCI09	Science	2025-09-23 11:45:54.065995+08	2025-09-23 11:46:04.298818+08
42af04d9-ec20-45e8-9864-f979201584e6	ENG08	English	2025-10-24 14:54:46.466851+08	2025-10-24 14:54:46.466851+08
\.


--
-- TOC entry 5049 (class 0 OID 32964)
-- Dependencies: 242
-- Data for Name: template_variables; Type: TABLE DATA; Schema: public; Owner: Hp
--

COPY public.template_variables (notification_template_id, variables) FROM stdin;
\.


--
-- TOC entry 5050 (class 0 OID 32967)
-- Dependencies: 243
-- Data for Name: theme_colors; Type: TABLE DATA; Schema: public; Owner: Hp
--

COPY public.theme_colors (school_profile_id, theme_colors, theme_colors_key, school_profile_entity_id) FROM stdin;
\.


--
-- TOC entry 5034 (class 0 OID 16531)
-- Dependencies: 227
-- Data for Name: token; Type: TABLE DATA; Schema: public; Owner: Hp
--

COPY public.token (id, user_id, hashed_access_token, hashed_refresh_token, created_at, role) FROM stdin;
336	299177a3-e675-44d2-8bfd-6ca55dea0b17	eyJhbGciOiJIUzUxMiJ9.eyJzdWIiOiIyOTkxNzdhMy1lNjc1LTQ0ZDItOGJmZC02Y2E1NWRlYTBiMTciLCJyb2xlIjoiU1RVREVOVCIsInR5cGUiOiJhY2Nlc3MiLCJpYXQiOjE3NjQ4NjcwMjEsImV4cCI6MTc2NDg3MDYyMX0.WrpuBoxkI4UgdmyznlOSqXf0cvyP0Um77o-7F4RuGi3CeKZ-DebMxgL83uLy5gsWBEmbMYjAPOIx3Hk2DJ5-ew	eyJhbGciOiJIUzUxMiJ9.eyJzdWIiOiIyOTkxNzdhMy1lNjc1LTQ0ZDItOGJmZC02Y2E1NWRlYTBiMTciLCJyb2xlIjoiU1RVREVOVCIsInR5cGUiOiJyZWZyZXNoIiwiaWF0IjoxNzY0ODY3MDIxLCJleHAiOjE3NjU0NzE4MjF9.y3TS85q8GNyx-m82Ey7TSqn1Img7FlyXWuoioC1W3ekD4pl2_vWYgIo0STrV3AEvF4OzLRA7zuV2cY4t09AU4g	2025-12-05 00:50:21.193255+08	STUDENT
349	1b1243bd-dc62-40f8-b314-8d18915b739f	eyJhbGciOiJIUzUxMiJ9.eyJzdWIiOiIxYjEyNDNiZC1kYzYyLTQwZjgtYjMxNC04ZDE4OTE1YjczOWYiLCJyb2xlIjoiVEVBQ0hFUiIsInR5cGUiOiJhY2Nlc3MiLCJpYXQiOjE3NjQ5MzA2ODMsImV4cCI6MTc2NDkzNDI4M30.X8CMEdVCyrL-0JhAh7LtF3o1KL_WscmTQqBBzJJ_0ZojdHzVDLzNN7094Vwn_5Lo-Ayog2HCcEZGen1TjAXhxw	eyJhbGciOiJIUzUxMiJ9.eyJzdWIiOiIxYjEyNDNiZC1kYzYyLTQwZjgtYjMxNC04ZDE4OTE1YjczOWYiLCJyb2xlIjoiVEVBQ0hFUiIsInR5cGUiOiJyZWZyZXNoIiwiaWF0IjoxNzY0OTMwNjgzLCJleHAiOjE3NjU1MzU0ODN9.P-X687xPgyubD8HJjidNvKoCEB-04-PVbuNgG9gSykvs--ZH6RjefHApGeaZ-FIEfbvh9xbF3bfyMYoqNaD93A	2025-12-05 18:31:23.604018+08	TEACHER
295	6a7f8a5c-f371-4d23-86d4-5a7d10289331	eyJhbGciOiJIUzUxMiJ9.eyJzdWIiOiI2YTdmOGE1Yy1mMzcxLTRkMjMtODZkNC01YTdkMTAyODkzMzEiLCJyb2xlIjoiVEVBQ0hFUiIsInR5cGUiOiJhY2Nlc3MiLCJpYXQiOjE3NjQ1OTExNTUsImV4cCI6MTc2NDU5NDc1NX0.49L4UFHJaKoP8uo5C6UtMwoq8m8K1_KmNlKqNcKyLzc1paAhQ70jL3QYztYPLaJVCVasY50KxKmrT8nXpdyIRA	eyJhbGciOiJIUzUxMiJ9.eyJzdWIiOiI2YTdmOGE1Yy1mMzcxLTRkMjMtODZkNC01YTdkMTAyODkzMzEiLCJyb2xlIjoiVEVBQ0hFUiIsInR5cGUiOiJyZWZyZXNoIiwiaWF0IjoxNzY0NTkxMTU1LCJleHAiOjE3NjUxOTU5NTV9.nTqss29F-jueal0HrvX05LfM70drpGLB3jcctvBgzWTD-bUPC9Uf7kxMRU6xb1qT_fJIrPy8IQmOXXXT47EHUQ	2025-12-01 20:12:35.907322+08	TEACHER
350	f7509fed-37ac-498c-a9c1-81844fe2b7ce	eyJhbGciOiJIUzUxMiJ9.eyJzdWIiOiJmNzUwOWZlZC0zN2FjLTQ5OGMtYTljMS04MTg0NGZlMmI3Y2UiLCJyb2xlIjoiQURNSU4iLCJ0eXBlIjoiYWNjZXNzIiwiaWF0IjoxNzY0OTMxNTAwLCJleHAiOjE3NjQ5MzUxMDB9.DLVXjz8ezd1a1x9d532dsj4gv-Lu-FvEvuOV3418e-s1N6Iviql186whimiJw89wRq33R5tS6quH_wai-sap7w	eyJhbGciOiJIUzUxMiJ9.eyJzdWIiOiJmNzUwOWZlZC0zN2FjLTQ5OGMtYTljMS04MTg0NGZlMmI3Y2UiLCJyb2xlIjoiQURNSU4iLCJ0eXBlIjoicmVmcmVzaCIsImlhdCI6MTc2NDkzMTUwMCwiZXhwIjoxNzY1NTM2MzAwfQ.Ow_4CSnYElRvG7l1v5hNuqdaPKtAB71jWAdHAhWsJI8KdEcECM5vn2zvyNg9l41yi57b2emYsN7-Uo0KlACmnw	2025-12-05 18:45:00.808128+08	ADMIN
\.


--
-- TOC entry 5026 (class 0 OID 16401)
-- Dependencies: 219
-- Data for Name: users; Type: TABLE DATA; Schema: public; Owner: Hp
--

COPY public.users (id, email, password, membership_code, role, created_at, updated_at, status, student_id, address, birth_date, contact_number, first_name, gender, last_name, middle_name, parent_contact, parent_name) FROM stdin;
f7509fed-37ac-498c-a9c1-81844fe2b7ce	admin@admin.com	$2a$10$SuvrAoIPyq8VqjTQ64qcIeEdxLNSq3qA6cWIM8zds82gsRv./mVN.	ASM-0000	ADMIN	2025-09-21 09:30:32.067339+08	2025-11-29 13:03:00.358799+08	ACTIVE	\N	\N	\N	\N	\N	\N	\N	\N	\N	\N
6a7f8a5c-f371-4d23-86d4-5a7d10289331	pepitodember@adsm.com	$2a$10$ZvtRURFr8gDe3QyEBYOz.eaNlxjlSpsTJWP03ZJsEL8OGCYraCH4.	ASM-0007	TEACHER	2025-10-16 23:17:47.673287+08	2025-11-29 13:03:00.597978+08	ACTIVE	\N	\N	\N	\N	\N	\N	\N	\N	\N	\N
711ac310-4432-4aec-b9de-3d7f317bc078	dinoy@adsm.com	$2a$10$a80R4aaVLhMl14RrS2t.WOvdyU45KDJKhDG0jv1j9eQXFzugMd2pG	ASM-0010	TEACHER	2025-11-17 09:20:30.505885+08	2025-11-29 13:03:00.88162+08	ACTIVE	\N	\N	\N	\N	\N	\N	\N	\N	\N	\N
1b1243bd-dc62-40f8-b314-8d18915b739f	sirclarence@adsm.com	$2a$10$lcAPwRzC9MngE6MnF7HzR.Aohy5b0bAW493cH8lCx8aU8uOOXgS6i	ASM-0008	TEACHER	2025-10-18 07:16:15.497969+08	2025-11-29 13:03:01.148762+08	ACTIVE	\N	\N	\N	\N	\N	\N	\N	\N	\N	\N
299177a3-e675-44d2-8bfd-6ca55dea0b17	delarama@adsm.com	$2a$10$/uclDfUrudyEpJQVQefULen5ouDVjuBYDBJQuSyU/DxklMJwlXX3q	ASM-0009	STUDENT	2025-10-18 21:15:59.553216+08	2025-11-29 13:03:01.733095+08	ACTIVE	\N	\N	\N	\N	\N	\N	\N	\N	\N	\N
1a38c74e-23fb-4e32-95b8-daf24ec0653b	romanoffthena@gmail.com	$2a$10$0N8BWdO.VmwTVxEBA3PVRu0vrc9uaDIq9qGhh.MA8fPyEQEWM0pga	ASM-0018	STUDENT	2025-12-05 18:29:14.769592+08	2025-12-05 18:29:14.777572+08	ACTIVE	\N		2025-12-05	\N	Charlotte	MALE	Codilla Tamayo		\N	\N
\.


--
-- TOC entry 5081 (class 0 OID 0)
-- Dependencies: 232
-- Name: backup_points_id_seq; Type: SEQUENCE SET; Schema: public; Owner: Hp
--

SELECT pg_catalog.setval('public.backup_points_id_seq', 1, false);


--
-- TOC entry 5082 (class 0 OID 0)
-- Dependencies: 218
-- Name: membership_seq; Type: SEQUENCE SET; Schema: public; Owner: Hp
--

SELECT pg_catalog.setval('public.membership_seq', 18, true);


--
-- TOC entry 5083 (class 0 OID 0)
-- Dependencies: 234
-- Name: notification_templates_id_seq; Type: SEQUENCE SET; Schema: public; Owner: Hp
--

SELECT pg_catalog.setval('public.notification_templates_id_seq', 1, false);


--
-- TOC entry 5084 (class 0 OID 0)
-- Dependencies: 236
-- Name: school_profile_id_seq; Type: SEQUENCE SET; Schema: public; Owner: Hp
--

SELECT pg_catalog.setval('public.school_profile_id_seq', 3, true);


--
-- TOC entry 5085 (class 0 OID 0)
-- Dependencies: 244
-- Name: school_year_quarters_id_seq; Type: SEQUENCE SET; Schema: public; Owner: Hp
--

SELECT pg_catalog.setval('public.school_year_quarters_id_seq', 1, true);


--
-- TOC entry 5086 (class 0 OID 0)
-- Dependencies: 238
-- Name: school_years_id_seq; Type: SEQUENCE SET; Schema: public; Owner: Hp
--

SELECT pg_catalog.setval('public.school_years_id_seq', 1, true);


--
-- TOC entry 5087 (class 0 OID 0)
-- Dependencies: 240
-- Name: security_settings_id_seq; Type: SEQUENCE SET; Schema: public; Owner: Hp
--

SELECT pg_catalog.setval('public.security_settings_id_seq', 3, true);


--
-- TOC entry 5088 (class 0 OID 0)
-- Dependencies: 226
-- Name: token_id_seq; Type: SEQUENCE SET; Schema: public; Owner: Hp
--

SELECT pg_catalog.setval('public.token_id_seq', 350, true);


--
-- TOC entry 4808 (class 2606 OID 24740)
-- Name: attendance attendance_pkey; Type: CONSTRAINT; Schema: public; Owner: Hp
--

ALTER TABLE ONLY public.attendance
    ADD CONSTRAINT attendance_pkey PRIMARY KEY (id);


--
-- TOC entry 4820 (class 2606 OID 32933)
-- Name: backup_points backup_points_pkey; Type: CONSTRAINT; Schema: public; Owner: Hp
--

ALTER TABLE ONLY public.backup_points
    ADD CONSTRAINT backup_points_pkey PRIMARY KEY (id);


--
-- TOC entry 4796 (class 2606 OID 16468)
-- Name: class_enrollments class_enrollments_pkey; Type: CONSTRAINT; Schema: public; Owner: Hp
--

ALTER TABLE ONLY public.class_enrollments
    ADD CONSTRAINT class_enrollments_pkey PRIMARY KEY (id);


--
-- TOC entry 4798 (class 2606 OID 16470)
-- Name: class_enrollments class_enrollments_student_id_section_id_key; Type: CONSTRAINT; Schema: public; Owner: Hp
--

ALTER TABLE ONLY public.class_enrollments
    ADD CONSTRAINT class_enrollments_student_id_section_id_key UNIQUE (student_id, section_id);


--
-- TOC entry 4810 (class 2606 OID 24748)
-- Name: feedback feedback_pkey; Type: CONSTRAINT; Schema: public; Owner: Hp
--

ALTER TABLE ONLY public.feedback
    ADD CONSTRAINT feedback_pkey PRIMARY KEY (id);


--
-- TOC entry 4771 (class 2606 OID 16398)
-- Name: flyway_schema_history flyway_schema_history_pk; Type: CONSTRAINT; Schema: public; Owner: Hp
--

ALTER TABLE ONLY public.flyway_schema_history
    ADD CONSTRAINT flyway_schema_history_pk PRIMARY KEY (installed_rank);


--
-- TOC entry 4802 (class 2606 OID 16512)
-- Name: grades grades_pkey; Type: CONSTRAINT; Schema: public; Owner: Hp
--

ALTER TABLE ONLY public.grades
    ADD CONSTRAINT grades_pkey PRIMARY KEY (id);


--
-- TOC entry 4804 (class 2606 OID 16514)
-- Name: grades grades_student_id_subject_id_period_key; Type: CONSTRAINT; Schema: public; Owner: Hp
--

ALTER TABLE ONLY public.grades
    ADD CONSTRAINT grades_student_id_subject_id_period_key UNIQUE (student_id, subject_id, period);


--
-- TOC entry 4827 (class 2606 OID 32942)
-- Name: notification_templates notification_templates_pkey; Type: CONSTRAINT; Schema: public; Owner: Hp
--

ALTER TABLE ONLY public.notification_templates
    ADD CONSTRAINT notification_templates_pkey PRIMARY KEY (id);


--
-- TOC entry 4780 (class 2606 OID 16423)
-- Name: profiles profiles_pkey; Type: CONSTRAINT; Schema: public; Owner: Hp
--

ALTER TABLE ONLY public.profiles
    ADD CONSTRAINT profiles_pkey PRIMARY KEY (id);


--
-- TOC entry 4782 (class 2606 OID 16425)
-- Name: profiles profiles_user_id_key; Type: CONSTRAINT; Schema: public; Owner: Hp
--

ALTER TABLE ONLY public.profiles
    ADD CONSTRAINT profiles_user_id_key UNIQUE (user_id);


--
-- TOC entry 4816 (class 2606 OID 24766)
-- Name: quarter_packages quarter_packages_pkey; Type: CONSTRAINT; Schema: public; Owner: Hp
--

ALTER TABLE ONLY public.quarter_packages
    ADD CONSTRAINT quarter_packages_pkey PRIMARY KEY (id);


--
-- TOC entry 4818 (class 2606 OID 24774)
-- Name: record_approvals record_approvals_pkey; Type: CONSTRAINT; Schema: public; Owner: Hp
--

ALTER TABLE ONLY public.record_approvals
    ADD CONSTRAINT record_approvals_pkey PRIMARY KEY (id);


--
-- TOC entry 4800 (class 2606 OID 16487)
-- Name: schedule schedule_pkey; Type: CONSTRAINT; Schema: public; Owner: Hp
--

ALTER TABLE ONLY public.schedule
    ADD CONSTRAINT schedule_pkey PRIMARY KEY (id);


--
-- TOC entry 4829 (class 2606 OID 32950)
-- Name: school_profile school_profile_pkey; Type: CONSTRAINT; Schema: public; Owner: Hp
--

ALTER TABLE ONLY public.school_profile
    ADD CONSTRAINT school_profile_pkey PRIMARY KEY (id);


--
-- TOC entry 4853 (class 2606 OID 33019)
-- Name: school_year_quarters school_year_quarters_pkey; Type: CONSTRAINT; Schema: public; Owner: Hp
--

ALTER TABLE ONLY public.school_year_quarters
    ADD CONSTRAINT school_year_quarters_pkey PRIMARY KEY (id);


--
-- TOC entry 4836 (class 2606 OID 32957)
-- Name: school_years school_years_pkey; Type: CONSTRAINT; Schema: public; Owner: Hp
--

ALTER TABLE ONLY public.school_years
    ADD CONSTRAINT school_years_pkey PRIMARY KEY (id);


--
-- TOC entry 4786 (class 2606 OID 16605)
-- Name: sections sections_name_key; Type: CONSTRAINT; Schema: public; Owner: Hp
--

ALTER TABLE ONLY public.sections
    ADD CONSTRAINT sections_name_key UNIQUE (name);


--
-- TOC entry 4788 (class 2606 OID 16439)
-- Name: sections sections_pkey; Type: CONSTRAINT; Schema: public; Owner: Hp
--

ALTER TABLE ONLY public.sections
    ADD CONSTRAINT sections_pkey PRIMARY KEY (id);


--
-- TOC entry 4841 (class 2606 OID 32963)
-- Name: security_settings security_settings_pkey; Type: CONSTRAINT; Schema: public; Owner: Hp
--

ALTER TABLE ONLY public.security_settings
    ADD CONSTRAINT security_settings_pkey PRIMARY KEY (id);


--
-- TOC entry 4790 (class 2606 OID 16614)
-- Name: subjects subjects_name_key; Type: CONSTRAINT; Schema: public; Owner: Hp
--

ALTER TABLE ONLY public.subjects
    ADD CONSTRAINT subjects_name_key UNIQUE (name);


--
-- TOC entry 4792 (class 2606 OID 16455)
-- Name: subjects subjects_pkey; Type: CONSTRAINT; Schema: public; Owner: Hp
--

ALTER TABLE ONLY public.subjects
    ADD CONSTRAINT subjects_pkey PRIMARY KEY (id);


--
-- TOC entry 4794 (class 2606 OID 16624)
-- Name: subjects subjects_subject_code_key; Type: CONSTRAINT; Schema: public; Owner: Hp
--

ALTER TABLE ONLY public.subjects
    ADD CONSTRAINT subjects_subject_code_key UNIQUE (subject_code);


--
-- TOC entry 4845 (class 2606 OID 32973)
-- Name: theme_colors theme_colors_pkey; Type: CONSTRAINT; Schema: public; Owner: Hp
--

ALTER TABLE ONLY public.theme_colors
    ADD CONSTRAINT theme_colors_pkey PRIMARY KEY (school_profile_id, theme_colors_key);


--
-- TOC entry 4806 (class 2606 OID 16539)
-- Name: token token_pkey; Type: CONSTRAINT; Schema: public; Owner: Hp
--

ALTER TABLE ONLY public.token
    ADD CONSTRAINT token_pkey PRIMARY KEY (id);


--
-- TOC entry 4784 (class 2606 OID 16692)
-- Name: profiles uk4ixsj6aqve5pxrbw2u0oyk8bb; Type: CONSTRAINT; Schema: public; Owner: Hp
--

ALTER TABLE ONLY public.profiles
    ADD CONSTRAINT uk4ixsj6aqve5pxrbw2u0oyk8bb UNIQUE (user_id);


--
-- TOC entry 4838 (class 2606 OID 33053)
-- Name: school_years unique_active_school_year; Type: CONSTRAINT; Schema: public; Owner: Hp
--

ALTER TABLE ONLY public.school_years
    ADD CONSTRAINT unique_active_school_year EXCLUDE USING btree (is_active WITH =) WHERE ((is_active = true));


--
-- TOC entry 4843 (class 2606 OID 33040)
-- Name: security_settings unique_active_security_settings; Type: CONSTRAINT; Schema: public; Owner: Hp
--

ALTER TABLE ONLY public.security_settings
    ADD CONSTRAINT unique_active_security_settings EXCLUDE USING btree (id WITH =) WHERE ((id IS NOT NULL));


--
-- TOC entry 4774 (class 2606 OID 16646)
-- Name: users users_email_key; Type: CONSTRAINT; Schema: public; Owner: Hp
--

ALTER TABLE ONLY public.users
    ADD CONSTRAINT users_email_key UNIQUE (email);


--
-- TOC entry 4776 (class 2606 OID 16657)
-- Name: users users_membership_code_key; Type: CONSTRAINT; Schema: public; Owner: Hp
--

ALTER TABLE ONLY public.users
    ADD CONSTRAINT users_membership_code_key UNIQUE (membership_code);


--
-- TOC entry 4778 (class 2606 OID 16410)
-- Name: users users_pkey; Type: CONSTRAINT; Schema: public; Owner: Hp
--

ALTER TABLE ONLY public.users
    ADD CONSTRAINT users_pkey PRIMARY KEY (id);


--
-- TOC entry 4772 (class 1259 OID 16399)
-- Name: flyway_schema_history_s_idx; Type: INDEX; Schema: public; Owner: Hp
--

CREATE INDEX flyway_schema_history_s_idx ON public.flyway_schema_history USING btree (success);


--
-- TOC entry 4821 (class 1259 OID 33038)
-- Name: idx_backup_points_date; Type: INDEX; Schema: public; Owner: Hp
--

CREATE INDEX idx_backup_points_date ON public.backup_points USING btree (date DESC);


--
-- TOC entry 4822 (class 1259 OID 33037)
-- Name: idx_backup_points_status; Type: INDEX; Schema: public; Owner: Hp
--

CREATE INDEX idx_backup_points_status ON public.backup_points USING btree (status);


--
-- TOC entry 4823 (class 1259 OID 33034)
-- Name: idx_notification_templates_category; Type: INDEX; Schema: public; Owner: Hp
--

CREATE INDEX idx_notification_templates_category ON public.notification_templates USING btree (category);


--
-- TOC entry 4824 (class 1259 OID 33036)
-- Name: idx_notification_templates_created_at; Type: INDEX; Schema: public; Owner: Hp
--

CREATE INDEX idx_notification_templates_created_at ON public.notification_templates USING btree (created_at DESC);


--
-- TOC entry 4825 (class 1259 OID 33035)
-- Name: idx_notification_templates_type; Type: INDEX; Schema: public; Owner: Hp
--

CREATE INDEX idx_notification_templates_type ON public.notification_templates USING btree (type);


--
-- TOC entry 4811 (class 1259 OID 24832)
-- Name: idx_quarter_packages_adviser_id; Type: INDEX; Schema: public; Owner: Hp
--

CREATE INDEX idx_quarter_packages_adviser_id ON public.quarter_packages USING btree (adviser_id);


--
-- TOC entry 4812 (class 1259 OID 24833)
-- Name: idx_quarter_packages_quarter; Type: INDEX; Schema: public; Owner: Hp
--

CREATE INDEX idx_quarter_packages_quarter ON public.quarter_packages USING btree (quarter);


--
-- TOC entry 4813 (class 1259 OID 24831)
-- Name: idx_quarter_packages_section_id; Type: INDEX; Schema: public; Owner: Hp
--

CREATE INDEX idx_quarter_packages_section_id ON public.quarter_packages USING btree (section_id);


--
-- TOC entry 4814 (class 1259 OID 24834)
-- Name: idx_quarter_packages_status; Type: INDEX; Schema: public; Owner: Hp
--

CREATE INDEX idx_quarter_packages_status ON public.quarter_packages USING btree (status);


--
-- TOC entry 4846 (class 1259 OID 33057)
-- Name: idx_school_year_quarters_active_unique; Type: INDEX; Schema: public; Owner: Hp
--

CREATE UNIQUE INDEX idx_school_year_quarters_active_unique ON public.school_year_quarters USING btree (status) WHERE ((status)::text = 'ACTIVE'::text);


--
-- TOC entry 4847 (class 1259 OID 33031)
-- Name: idx_school_year_quarters_quarter; Type: INDEX; Schema: public; Owner: Hp
--

CREATE INDEX idx_school_year_quarters_quarter ON public.school_year_quarters USING btree (quarter);


--
-- TOC entry 4848 (class 1259 OID 33029)
-- Name: idx_school_year_quarters_school_year_id; Type: INDEX; Schema: public; Owner: Hp
--

CREATE INDEX idx_school_year_quarters_school_year_id ON public.school_year_quarters USING btree (school_year_id);


--
-- TOC entry 4849 (class 1259 OID 33056)
-- Name: idx_school_year_quarters_school_year_id_status; Type: INDEX; Schema: public; Owner: Hp
--

CREATE INDEX idx_school_year_quarters_school_year_id_status ON public.school_year_quarters USING btree (school_year_id, status);


--
-- TOC entry 4850 (class 1259 OID 33030)
-- Name: idx_school_year_quarters_status; Type: INDEX; Schema: public; Owner: Hp
--

CREATE INDEX idx_school_year_quarters_status ON public.school_year_quarters USING btree (status);


--
-- TOC entry 4851 (class 1259 OID 33032)
-- Name: idx_school_year_quarters_unique; Type: INDEX; Schema: public; Owner: Hp
--

CREATE UNIQUE INDEX idx_school_year_quarters_unique ON public.school_year_quarters USING btree (school_year_id, quarter);


--
-- TOC entry 4830 (class 1259 OID 33054)
-- Name: idx_school_years_active_unique; Type: INDEX; Schema: public; Owner: Hp
--

CREATE UNIQUE INDEX idx_school_years_active_unique ON public.school_years USING btree (is_active) WHERE (is_active = true);


--
-- TOC entry 4831 (class 1259 OID 33028)
-- Name: idx_school_years_created_at; Type: INDEX; Schema: public; Owner: Hp
--

CREATE INDEX idx_school_years_created_at ON public.school_years USING btree (created_at DESC);


--
-- TOC entry 4832 (class 1259 OID 33055)
-- Name: idx_school_years_date_range; Type: INDEX; Schema: public; Owner: Hp
--

CREATE INDEX idx_school_years_date_range ON public.school_years USING btree (start_date, end_date) WHERE (is_archived = false);


--
-- TOC entry 4833 (class 1259 OID 33026)
-- Name: idx_school_years_is_active; Type: INDEX; Schema: public; Owner: Hp
--

CREATE INDEX idx_school_years_is_active ON public.school_years USING btree (is_active);


--
-- TOC entry 4834 (class 1259 OID 33027)
-- Name: idx_school_years_is_archived; Type: INDEX; Schema: public; Owner: Hp
--

CREATE INDEX idx_school_years_is_archived ON public.school_years USING btree (is_archived);


--
-- TOC entry 4839 (class 1259 OID 33043)
-- Name: idx_security_settings_updated_at; Type: INDEX; Schema: public; Owner: Hp
--

CREATE INDEX idx_security_settings_updated_at ON public.security_settings USING btree (updated_at DESC);


--
-- TOC entry 4856 (class 2606 OID 16476)
-- Name: class_enrollments class_enrollments_section_id_fkey; Type: FK CONSTRAINT; Schema: public; Owner: Hp
--

ALTER TABLE ONLY public.class_enrollments
    ADD CONSTRAINT class_enrollments_section_id_fkey FOREIGN KEY (section_id) REFERENCES public.sections(id) ON DELETE CASCADE;


--
-- TOC entry 4857 (class 2606 OID 16471)
-- Name: class_enrollments class_enrollments_student_id_fkey; Type: FK CONSTRAINT; Schema: public; Owner: Hp
--

ALTER TABLE ONLY public.class_enrollments
    ADD CONSTRAINT class_enrollments_student_id_fkey FOREIGN KEY (student_id) REFERENCES public.users(id) ON DELETE CASCADE;


--
-- TOC entry 4862 (class 2606 OID 24800)
-- Name: grades fk1dv6ydcxun3hwriw4eph140b1; Type: FK CONSTRAINT; Schema: public; Owner: Hp
--

ALTER TABLE ONLY public.grades
    ADD CONSTRAINT fk1dv6ydcxun3hwriw4eph140b1 FOREIGN KEY (student_id) REFERENCES public.profiles(id);


--
-- TOC entry 4876 (class 2606 OID 32979)
-- Name: theme_colors fk5ddtwvvdgodmungvknki94xso; Type: FK CONSTRAINT; Schema: public; Owner: Hp
--

ALTER TABLE ONLY public.theme_colors
    ADD CONSTRAINT fk5ddtwvvdgodmungvknki94xso FOREIGN KEY (school_profile_id) REFERENCES public.school_profile(id);


--
-- TOC entry 4858 (class 2606 OID 65859)
-- Name: schedule fk_schedule_school_year_quarter; Type: FK CONSTRAINT; Schema: public; Owner: Hp
--

ALTER TABLE ONLY public.schedule
    ADD CONSTRAINT fk_schedule_school_year_quarter FOREIGN KEY (school_year_quarter_id) REFERENCES public.school_year_quarters(id);


--
-- TOC entry 4869 (class 2606 OID 24790)
-- Name: feedback fkbxiwemfo7x1shxr5iecstrij7; Type: FK CONSTRAINT; Schema: public; Owner: Hp
--

ALTER TABLE ONLY public.feedback
    ADD CONSTRAINT fkbxiwemfo7x1shxr5iecstrij7 FOREIGN KEY (student_id) REFERENCES public.profiles(id);


--
-- TOC entry 4873 (class 2606 OID 24815)
-- Name: record_approvals fkcux0msy23px7su7ba9bhccn7t; Type: FK CONSTRAINT; Schema: public; Owner: Hp
--

ALTER TABLE ONLY public.record_approvals
    ADD CONSTRAINT fkcux0msy23px7su7ba9bhccn7t FOREIGN KEY (approver_id) REFERENCES public.profiles(id);


--
-- TOC entry 4867 (class 2606 OID 24775)
-- Name: attendance fkdhc0y7i6skyu3xt4jowibdu0n; Type: FK CONSTRAINT; Schema: public; Owner: Hp
--

ALTER TABLE ONLY public.attendance
    ADD CONSTRAINT fkdhc0y7i6skyu3xt4jowibdu0n FOREIGN KEY (section_id) REFERENCES public.sections(id);


--
-- TOC entry 4870 (class 2606 OID 24785)
-- Name: feedback fke8nrx9xvnmg04v633vt8mxoof; Type: FK CONSTRAINT; Schema: public; Owner: Hp
--

ALTER TABLE ONLY public.feedback
    ADD CONSTRAINT fke8nrx9xvnmg04v633vt8mxoof FOREIGN KEY (section_id) REFERENCES public.sections(id);


--
-- TOC entry 4875 (class 2606 OID 32974)
-- Name: template_variables fkj0wwj9paud2ebu7xpditv630k; Type: FK CONSTRAINT; Schema: public; Owner: Hp
--

ALTER TABLE ONLY public.template_variables
    ADD CONSTRAINT fkj0wwj9paud2ebu7xpditv630k FOREIGN KEY (notification_template_id) REFERENCES public.notification_templates(id);


--
-- TOC entry 4878 (class 2606 OID 33020)
-- Name: school_year_quarters fkkxawcxmnyvon5dkoslsv94a34; Type: FK CONSTRAINT; Schema: public; Owner: Hp
--

ALTER TABLE ONLY public.school_year_quarters
    ADD CONSTRAINT fkkxawcxmnyvon5dkoslsv94a34 FOREIGN KEY (school_year_id) REFERENCES public.school_years(id);


--
-- TOC entry 4874 (class 2606 OID 24820)
-- Name: record_approvals fklvfe45tau502imcs3n9el494d; Type: FK CONSTRAINT; Schema: public; Owner: Hp
--

ALTER TABLE ONLY public.record_approvals
    ADD CONSTRAINT fklvfe45tau502imcs3n9el494d FOREIGN KEY (package_id) REFERENCES public.quarter_packages(id);


--
-- TOC entry 4871 (class 2606 OID 24810)
-- Name: quarter_packages fknqfc3e7cdgws8ogr448b0e1ap; Type: FK CONSTRAINT; Schema: public; Owner: Hp
--

ALTER TABLE ONLY public.quarter_packages
    ADD CONSTRAINT fknqfc3e7cdgws8ogr448b0e1ap FOREIGN KEY (section_id) REFERENCES public.sections(id);


--
-- TOC entry 4872 (class 2606 OID 24805)
-- Name: quarter_packages fkoc5o8sm71525iua2fwylr53ci; Type: FK CONSTRAINT; Schema: public; Owner: Hp
--

ALTER TABLE ONLY public.quarter_packages
    ADD CONSTRAINT fkoc5o8sm71525iua2fwylr53ci FOREIGN KEY (adviser_id) REFERENCES public.profiles(id);


--
-- TOC entry 4877 (class 2606 OID 49374)
-- Name: theme_colors fkpcbiapxb85tmf4msjosma84sx; Type: FK CONSTRAINT; Schema: public; Owner: Hp
--

ALTER TABLE ONLY public.theme_colors
    ADD CONSTRAINT fkpcbiapxb85tmf4msjosma84sx FOREIGN KEY (school_profile_entity_id) REFERENCES public.school_profile(id);


--
-- TOC entry 4868 (class 2606 OID 24780)
-- Name: attendance fkr9x34y3ki1werrlmr31q0g9ir; Type: FK CONSTRAINT; Schema: public; Owner: Hp
--

ALTER TABLE ONLY public.attendance
    ADD CONSTRAINT fkr9x34y3ki1werrlmr31q0g9ir FOREIGN KEY (student_id) REFERENCES public.profiles(id);


--
-- TOC entry 4863 (class 2606 OID 24795)
-- Name: grades fkrlkavklkqnej2jc9v4s9nbi2n; Type: FK CONSTRAINT; Schema: public; Owner: Hp
--

ALTER TABLE ONLY public.grades
    ADD CONSTRAINT fkrlkavklkqnej2jc9v4s9nbi2n FOREIGN KEY (section_id) REFERENCES public.sections(id);


--
-- TOC entry 4864 (class 2606 OID 16515)
-- Name: grades grades_student_id_fkey; Type: FK CONSTRAINT; Schema: public; Owner: Hp
--

ALTER TABLE ONLY public.grades
    ADD CONSTRAINT grades_student_id_fkey FOREIGN KEY (student_id) REFERENCES public.users(id) ON DELETE CASCADE;


--
-- TOC entry 4865 (class 2606 OID 16520)
-- Name: grades grades_subject_id_fkey; Type: FK CONSTRAINT; Schema: public; Owner: Hp
--

ALTER TABLE ONLY public.grades
    ADD CONSTRAINT grades_subject_id_fkey FOREIGN KEY (subject_id) REFERENCES public.subjects(id) ON DELETE CASCADE;


--
-- TOC entry 4866 (class 2606 OID 16525)
-- Name: grades grades_teacher_id_fkey; Type: FK CONSTRAINT; Schema: public; Owner: Hp
--

ALTER TABLE ONLY public.grades
    ADD CONSTRAINT grades_teacher_id_fkey FOREIGN KEY (teacher_id) REFERENCES public.users(id) ON DELETE CASCADE;


--
-- TOC entry 4854 (class 2606 OID 16426)
-- Name: profiles profiles_user_id_fkey; Type: FK CONSTRAINT; Schema: public; Owner: Hp
--

ALTER TABLE ONLY public.profiles
    ADD CONSTRAINT profiles_user_id_fkey FOREIGN KEY (user_id) REFERENCES public.users(id) ON DELETE CASCADE;


--
-- TOC entry 4859 (class 2606 OID 16498)
-- Name: schedule schedule_section_id_fkey; Type: FK CONSTRAINT; Schema: public; Owner: Hp
--

ALTER TABLE ONLY public.schedule
    ADD CONSTRAINT schedule_section_id_fkey FOREIGN KEY (section_id) REFERENCES public.sections(id) ON DELETE CASCADE;


--
-- TOC entry 4860 (class 2606 OID 16493)
-- Name: schedule schedule_subject_id_fkey; Type: FK CONSTRAINT; Schema: public; Owner: Hp
--

ALTER TABLE ONLY public.schedule
    ADD CONSTRAINT schedule_subject_id_fkey FOREIGN KEY (subject_id) REFERENCES public.subjects(id) ON DELETE CASCADE;


--
-- TOC entry 4861 (class 2606 OID 16488)
-- Name: schedule schedule_teacher_id_fkey; Type: FK CONSTRAINT; Schema: public; Owner: Hp
--

ALTER TABLE ONLY public.schedule
    ADD CONSTRAINT schedule_teacher_id_fkey FOREIGN KEY (teacher_id) REFERENCES public.profiles(id) ON DELETE CASCADE;


--
-- TOC entry 4855 (class 2606 OID 24825)
-- Name: sections sections_adviser_id_fkey; Type: FK CONSTRAINT; Schema: public; Owner: Hp
--

ALTER TABLE ONLY public.sections
    ADD CONSTRAINT sections_adviser_id_fkey FOREIGN KEY (adviser_id) REFERENCES public.profiles(id) ON DELETE SET NULL;


--
-- TOC entry 5058 (class 0 OID 0)
-- Dependencies: 5
-- Name: SCHEMA public; Type: ACL; Schema: -; Owner: pg_database_owner
--

GRANT ALL ON SCHEMA public TO hp;


--
-- TOC entry 5059 (class 0 OID 0)
-- Dependencies: 228
-- Name: TABLE attendance; Type: ACL; Schema: public; Owner: Hp
--

GRANT ALL ON TABLE public.attendance TO hp;


--
-- TOC entry 5060 (class 0 OID 0)
-- Dependencies: 233
-- Name: TABLE backup_points; Type: ACL; Schema: public; Owner: Hp
--

GRANT ALL ON TABLE public.backup_points TO hp;


--
-- TOC entry 5061 (class 0 OID 0)
-- Dependencies: 223
-- Name: TABLE class_enrollments; Type: ACL; Schema: public; Owner: Hp
--

GRANT ALL ON TABLE public.class_enrollments TO hp;


--
-- TOC entry 5062 (class 0 OID 0)
-- Dependencies: 229
-- Name: TABLE feedback; Type: ACL; Schema: public; Owner: Hp
--

GRANT ALL ON TABLE public.feedback TO hp;


--
-- TOC entry 5063 (class 0 OID 0)
-- Dependencies: 217
-- Name: TABLE flyway_schema_history; Type: ACL; Schema: public; Owner: Hp
--

GRANT ALL ON TABLE public.flyway_schema_history TO hp;


--
-- TOC entry 5064 (class 0 OID 0)
-- Dependencies: 225
-- Name: TABLE grades; Type: ACL; Schema: public; Owner: Hp
--

GRANT ALL ON TABLE public.grades TO hp;


--
-- TOC entry 5065 (class 0 OID 0)
-- Dependencies: 235
-- Name: TABLE notification_templates; Type: ACL; Schema: public; Owner: Hp
--

GRANT ALL ON TABLE public.notification_templates TO hp;


--
-- TOC entry 5066 (class 0 OID 0)
-- Dependencies: 220
-- Name: TABLE profiles; Type: ACL; Schema: public; Owner: Hp
--

GRANT ALL ON TABLE public.profiles TO hp;


--
-- TOC entry 5067 (class 0 OID 0)
-- Dependencies: 230
-- Name: TABLE quarter_packages; Type: ACL; Schema: public; Owner: Hp
--

GRANT ALL ON TABLE public.quarter_packages TO hp;


--
-- TOC entry 5068 (class 0 OID 0)
-- Dependencies: 231
-- Name: TABLE record_approvals; Type: ACL; Schema: public; Owner: Hp
--

GRANT ALL ON TABLE public.record_approvals TO hp;


--
-- TOC entry 5069 (class 0 OID 0)
-- Dependencies: 224
-- Name: TABLE schedule; Type: ACL; Schema: public; Owner: Hp
--

GRANT ALL ON TABLE public.schedule TO hp;


--
-- TOC entry 5070 (class 0 OID 0)
-- Dependencies: 237
-- Name: TABLE school_profile; Type: ACL; Schema: public; Owner: Hp
--

GRANT ALL ON TABLE public.school_profile TO hp;


--
-- TOC entry 5071 (class 0 OID 0)
-- Dependencies: 245
-- Name: TABLE school_year_quarters; Type: ACL; Schema: public; Owner: Hp
--

GRANT ALL ON TABLE public.school_year_quarters TO hp;


--
-- TOC entry 5072 (class 0 OID 0)
-- Dependencies: 239
-- Name: TABLE school_years; Type: ACL; Schema: public; Owner: Hp
--

GRANT ALL ON TABLE public.school_years TO hp;


--
-- TOC entry 5073 (class 0 OID 0)
-- Dependencies: 221
-- Name: TABLE sections; Type: ACL; Schema: public; Owner: Hp
--

GRANT ALL ON TABLE public.sections TO hp;


--
-- TOC entry 5074 (class 0 OID 0)
-- Dependencies: 241
-- Name: TABLE security_settings; Type: ACL; Schema: public; Owner: Hp
--

GRANT ALL ON TABLE public.security_settings TO hp;


--
-- TOC entry 5075 (class 0 OID 0)
-- Dependencies: 222
-- Name: TABLE subjects; Type: ACL; Schema: public; Owner: Hp
--

GRANT ALL ON TABLE public.subjects TO hp;


--
-- TOC entry 5076 (class 0 OID 0)
-- Dependencies: 242
-- Name: TABLE template_variables; Type: ACL; Schema: public; Owner: Hp
--

GRANT ALL ON TABLE public.template_variables TO hp;


--
-- TOC entry 5077 (class 0 OID 0)
-- Dependencies: 243
-- Name: TABLE theme_colors; Type: ACL; Schema: public; Owner: Hp
--

GRANT ALL ON TABLE public.theme_colors TO hp;


--
-- TOC entry 5078 (class 0 OID 0)
-- Dependencies: 227
-- Name: TABLE token; Type: ACL; Schema: public; Owner: Hp
--

GRANT ALL ON TABLE public.token TO hp;


--
-- TOC entry 5080 (class 0 OID 0)
-- Dependencies: 219
-- Name: TABLE users; Type: ACL; Schema: public; Owner: Hp
--

GRANT ALL ON TABLE public.users TO hp;


--
-- TOC entry 2132 (class 826 OID 49380)
-- Name: DEFAULT PRIVILEGES FOR SEQUENCES; Type: DEFAULT ACL; Schema: public; Owner: postgres
--

ALTER DEFAULT PRIVILEGES FOR ROLE postgres IN SCHEMA public GRANT ALL ON SEQUENCES TO hp;


--
-- TOC entry 2131 (class 826 OID 49379)
-- Name: DEFAULT PRIVILEGES FOR TABLES; Type: DEFAULT ACL; Schema: public; Owner: postgres
--

ALTER DEFAULT PRIVILEGES FOR ROLE postgres IN SCHEMA public GRANT ALL ON TABLES TO hp;


-- Completed on 2025-12-05 18:55:49

--
-- PostgreSQL database dump complete
--

\unrestrict 8GdP6bnkOx7dEQgHYrX1ksI61MZB3jDkIQLTx16jtN85ARKAsplydyi1Caadl7H

